id;name;thumbnail;thumbnail_content_type;description;gender
1;override invoice reboot;../fake-data/blob/hipster.png;image/png;../fake-data/blob/hipster.txt;TPS
2;vortals TCP Lindo;../fake-data/blob/hipster.png;image/png;../fake-data/blob/hipster.txt;Racing
3;Directives;../fake-data/blob/hipster.png;image/png;../fake-data/blob/hipster.txt;Platformer2D
4;Planner;../fake-data/blob/hipster.png;image/png;../fake-data/blob/hipster.txt;Platformer3D
5;CSS Marketing;../fake-data/blob/hipster.png;image/png;../fake-data/blob/hipster.txt;Platformer3D
6;JBOD solution Functionality;../fake-data/blob/hipster.png;image/png;../fake-data/blob/hipster.txt;FPS
7;JSON Travessa sensor;../fake-data/blob/hipster.png;image/png;../fake-data/blob/hipster.txt;FPS
8;International Queijo;../fake-data/blob/hipster.png;image/png;../fake-data/blob/hipster.txt;Platformer3D
9;bandwidth Cambridgeshire Vaticano;../fake-data/blob/hipster.png;image/png;../fake-data/blob/hipster.txt;Platformer2D
10;synergies clicks-and-mortar lima;../fake-data/blob/hipster.png;image/png;../fake-data/blob/hipster.txt;Racing
